{
	"easycom": {
		"^u-(.*)": "@/uview-ui/components/u-$1/u-$1.vue"
	},
	"pages": [ //pages数组中第一项表示应用启动页，参考：https://uniapp.dcloud.io/collocation/pages
		{
			"path": "pages/index/index",
			"style": {
				"navigationBarTitleText": "首页"
			}
		},
		{
			"path": "pages/center/index",
			"style": {
				"navigationBarTitleText": "个人中心"
			}
		},
		{
			"path": "pages/pulish/index",
			"style": {
				"navigationBarTitleText": "发布"
			}
		},
		{
			"path": "pages/login/index",
			"style": {
				"navigationBarTitleText": "登录"
			}
		},
		{
			"path": "pages/video/index",
			"style": {
				"navigationBarTitleText": "电影"
			}
		},
		{
			"path": "uview-ui/components/u-avatar-cropper/u-avatar-cropper",
			"style": {
				"navigationBarTitleText": "头像裁剪",
				"navigationBarBackgroundColor": "#000000"
			}
		}
		
	],
	"globalStyle": {
		"navigationBarTextStyle": "black",
		"navigationBarTitleText": "uView",
		"navigationBarBackgroundColor": "#F8F8F8",
		"backgroundColor": "#F8F8F8"
	},
	"tabBar": {
	    "color": "#909399",
	    "selectedColor": "#303133",
	    "borderStyle": "black",
	    "backgroundColor": "#ffffff",
	    "list": [{
	        "pagePath": "pages/index/index",
	        "iconPath": "static/index.png",
	        "selectedIconPath": "static/index-selected.png",
	        "text": "首页"
	    },
		{
		    "pagePath": "pages/pulish/index",
		    "iconPath": "static/min_button.png",
		    "selectedIconPath": "static/min_button_select.png",
		    "text": "发布影片"
		},
		{
		    "pagePath": "pages/center/index",
		    "iconPath": "static/center.png",
		    "selectedIconPath": "static/center-selected.png",
		    "text": "个人中心"
		}
		]
	}
}
